{
    "accuracy": 0.8865979381443299,
    "auc_roc": 0.9596131363588054,
    "precision": 0.8947368421052632,
    "recall": 0.8762886597938144,
    "cv_mean": 0.9092783505154639,
    "cv_std": 0.020515204888796282,
    "threshold": 591.3499999999999
}